{"ICC WT20/ICC WT20 Ireland v Oman Match Highlights.avi": {"segments": [[81, 357], [417, 629], [780, 952], [1002, 1087], [1203, 1411], [1599, 1728], [2285, 2651], [2889, 2966], [3065, 3181], [3244, 3432], [3466, 3554], [3658, 3888], [3954, 4066], [4189, 4274], [4348, 4526]], "scores": [276.0, 212.0, 172.0, 85.0, 207.99995815753937, 128.98360162973404, 366.0, 76.99999988079071, 116.0, 187.71861618757248, 88.0, 230.0, 112.0, 85.0, 178.0]}, "ICC WT20/ICC WT20 Netherlands vs Ireland Match Highlights.avi": {"segments": [[91, 601], [634, 899], [932, 1458], [1492, 1958], [2339, 2791], [2839, 3156], [3172, 3333], [3403, 3573], [3667, 3780], [3828, 4096], [4196, 4259]], "scores": [510.0, 265.0, 525.9918713569641, 466.0, 452.0, 317.0, 160.99999916553497, 170.0, 112.99999511241913, 268.0, 63.0]}, "ICC WT20/ICC WT20 New Zealand vs Pakistan - Match Highlights.avi": {"segments": [[91, 595], [734, 876], [916, 1121], [1273, 1361], [1421, 1588], [1630, 1854], [1941, 2256], [2519, 3068], [3080, 3253], [3290, 3427], [3482, 3757], [3803, 4162]], "scores": [504.0, 142.0, 205.0, 88.0, 167.0, 223.99999725818634, 314.9998146891594, 548.9999990463257, 173.0, 137.0, 275.0, 359.0]}, "ICC WT20/ICC WT20 Scotland vs Afghanistan Highlights.avi": {"segments": [[50, 339], [386, 841], [903, 1089], [1135, 1291], [1357, 1449], [1505, 1597], [1651, 1733], [1762, 1977], [2113, 2284], [2624, 2776], [2786, 2935], [2971, 3066], [3147, 3349], [3516, 3670], [3673, 3851], [3862, 3994], [4029, 4166]], "scores": [288.9789856672287, 454.9999624490738, 185.9999998807907, 156.0, 92.0, 92.0, 82.0, 215.0, 170.9999998807907, 151.9999932050705, 149.0, 95.0, 202.0, 154.0, 177.99489271640778, 131.99958616495132, 137.0]}, "ICC WT20/ICC WT20 Ireland vs Oman Highlights.avi": {"segments": [[91, 475], [479, 591], [629, 842], [895, 1286], [1495, 1811], [2069, 2328], [2332, 2653], [2763, 2852], [3055, 3189], [3244, 3455], [3670, 3905]], "scores": [384.0, 112.0, 212.9999998807907, 391.0, 316.0, 259.0, 321.0, 89.0, 133.9999463558197, 211.0, 234.99902892112732]}}